<annotation>
	<folder>Data_MainFolder</folder>
	<filename>2015_00053.jpg</filename>
	<path>/home/prathibha/Downloads/Data_MainFolder/2015_00053.jpg</path>
	<source>
		<database>Unknown</database>
	</source>
	<size>
		<width>506</width>
		<height>339</height>
		<depth>3</depth>
	</size>
	<segmented>0</segmented>
	<object>
		<name>Bicycle</name>
		<pose>Unspecified</pose>
		<truncated>0</truncated>
		<difficult>0</difficult>
		<bndbox>
			<xmin>39</xmin>
			<ymin>198</ymin>
			<xmax>221</xmax>
			<ymax>336</ymax>
		</bndbox>
	</object>
	<object>
		<name>Bicycle</name>
		<pose>Unspecified</pose>
		<truncated>0</truncated>
		<difficult>0</difficult>
		<bndbox>
			<xmin>129</xmin>
			<ymin>204</ymin>
			<xmax>383</xmax>
			<ymax>338</ymax>
		</bndbox>
	</object>
	<object>
		<name>Bicycle</name>
		<pose>Unspecified</pose>
		<truncated>1</truncated>
		<difficult>0</difficult>
		<bndbox>
			<xmin>314</xmin>
			<ymin>189</ymin>
			<xmax>506</xmax>
			<ymax>339</ymax>
		</bndbox>
	</object>
</annotation>
