<annotation>
	<folder>Data_MainFolder</folder>
	<filename>2015_00174.jpg</filename>
	<path>/home/prathibha/Downloads/Data_MainFolder/2015_00174.jpg</path>
	<source>
		<database>Unknown</database>
	</source>
	<size>
		<width>640</width>
		<height>427</height>
		<depth>3</depth>
	</size>
	<segmented>0</segmented>
	<object>
		<name>Bicycle</name>
		<pose>Unspecified</pose>
		<truncated>0</truncated>
		<difficult>0</difficult>
		<bndbox>
			<xmin>299</xmin>
			<ymin>147</ymin>
			<xmax>468</xmax>
			<ymax>294</ymax>
		</bndbox>
	</object>
	<object>
		<name>Bicycle</name>
		<pose>Unspecified</pose>
		<truncated>0</truncated>
		<difficult>0</difficult>
		<bndbox>
			<xmin>419</xmin>
			<ymin>164</ymin>
			<xmax>530</xmax>
			<ymax>369</ymax>
		</bndbox>
	</object>
	<object>
		<name>Bicycle</name>
		<pose>Unspecified</pose>
		<truncated>0</truncated>
		<difficult>0</difficult>
		<bndbox>
			<xmin>495</xmin>
			<ymin>135</ymin>
			<xmax>616</xmax>
			<ymax>359</ymax>
		</bndbox>
	</object>
</annotation>
