<annotation>
	<folder>Data_MainFolder</folder>
	<filename>2015_00095.jpg</filename>
	<path>/home/prathibha/Downloads/Data_MainFolder/2015_00095.jpg</path>
	<source>
		<database>Unknown</database>
	</source>
	<size>
		<width>1600</width>
		<height>1066</height>
		<depth>3</depth>
	</size>
	<segmented>0</segmented>
	<object>
		<name>Bicycle</name>
		<pose>Unspecified</pose>
		<truncated>0</truncated>
		<difficult>0</difficult>
		<bndbox>
			<xmin>193</xmin>
			<ymin>150</ymin>
			<xmax>587</xmax>
			<ymax>708</ymax>
		</bndbox>
	</object>
	<object>
		<name>Bicycle</name>
		<pose>Unspecified</pose>
		<truncated>0</truncated>
		<difficult>0</difficult>
		<bndbox>
			<xmin>343</xmin>
			<ymin>185</ymin>
			<xmax>701</xmax>
			<ymax>677</ymax>
		</bndbox>
	</object>
	<object>
		<name>Bicycle</name>
		<pose>Unspecified</pose>
		<truncated>0</truncated>
		<difficult>0</difficult>
		<bndbox>
			<xmin>5</xmin>
			<ymin>135</ymin>
			<xmax>343</xmax>
			<ymax>794</ymax>
		</bndbox>
	</object>
</annotation>
