<annotation>
	<folder>Data_MainFolder</folder>
	<filename>2015_00037.jpg</filename>
	<path>/home/prathibha/Downloads/Data_MainFolder/2015_00037.jpg</path>
	<source>
		<database>Unknown</database>
	</source>
	<size>
		<width>640</width>
		<height>480</height>
		<depth>3</depth>
	</size>
	<segmented>0</segmented>
	<object>
		<name>Bicycle</name>
		<pose>Unspecified</pose>
		<truncated>0</truncated>
		<difficult>0</difficult>
		<bndbox>
			<xmin>264</xmin>
			<ymin>308</ymin>
			<xmax>436</xmax>
			<ymax>431</ymax>
		</bndbox>
	</object>
</annotation>
