<annotation>
	<folder>Data_MainFolder</folder>
	<filename>2015_00059.jpg</filename>
	<path>/home/prathibha/Downloads/Data_MainFolder/2015_00059.jpg</path>
	<source>
		<database>Unknown</database>
	</source>
	<size>
		<width>638</width>
		<height>344</height>
		<depth>3</depth>
	</size>
	<segmented>0</segmented>
	<object>
		<name>Bicycle</name>
		<pose>Unspecified</pose>
		<truncated>0</truncated>
		<difficult>0</difficult>
		<bndbox>
			<xmin>228</xmin>
			<ymin>229</ymin>
			<xmax>276</xmax>
			<ymax>315</ymax>
		</bndbox>
	</object>
	<object>
		<name>Bicycle</name>
		<pose>Unspecified</pose>
		<truncated>0</truncated>
		<difficult>0</difficult>
		<bndbox>
			<xmin>284</xmin>
			<ymin>233</ymin>
			<xmax>303</xmax>
			<ymax>278</ymax>
		</bndbox>
	</object>
</annotation>
