<annotation>
	<folder>Data_MainFolder</folder>
	<filename>2015_00097.jpg</filename>
	<path>/home/prathibha/Downloads/Data_MainFolder/2015_00097.jpg</path>
	<source>
		<database>Unknown</database>
	</source>
	<size>
		<width>427</width>
		<height>640</height>
		<depth>3</depth>
	</size>
	<segmented>0</segmented>
	<object>
		<name>Bicycle</name>
		<pose>Unspecified</pose>
		<truncated>0</truncated>
		<difficult>0</difficult>
		<bndbox>
			<xmin>44</xmin>
			<ymin>468</ymin>
			<xmax>195</xmax>
			<ymax>578</ymax>
		</bndbox>
	</object>
	<object>
		<name>Bicycle</name>
		<pose>Unspecified</pose>
		<truncated>0</truncated>
		<difficult>0</difficult>
		<bndbox>
			<xmin>198</xmin>
			<ymin>466</ymin>
			<xmax>417</xmax>
			<ymax>605</ymax>
		</bndbox>
	</object>
</annotation>
