<annotation>
	<folder>Data_MainFolder</folder>
	<filename>2015_00110.jpg</filename>
	<path>/home/prathibha/Downloads/Data_MainFolder/2015_00110.jpg</path>
	<source>
		<database>Unknown</database>
	</source>
	<size>
		<width>1024</width>
		<height>768</height>
		<depth>3</depth>
	</size>
	<segmented>0</segmented>
	<object>
		<name>Bicycle</name>
		<pose>Unspecified</pose>
		<truncated>0</truncated>
		<difficult>0</difficult>
		<bndbox>
			<xmin>441</xmin>
			<ymin>537</ymin>
			<xmax>683</xmax>
			<ymax>747</ymax>
		</bndbox>
	</object>
	<object>
		<name>Bicycle</name>
		<pose>Unspecified</pose>
		<truncated>0</truncated>
		<difficult>0</difficult>
		<bndbox>
			<xmin>668</xmin>
			<ymin>517</ymin>
			<xmax>900</xmax>
			<ymax>744</ymax>
		</bndbox>
	</object>
	<object>
		<name>Bicycle</name>
		<pose>Unspecified</pose>
		<truncated>1</truncated>
		<difficult>0</difficult>
		<bndbox>
			<xmin>727</xmin>
			<ymin>619</ymin>
			<xmax>1024</xmax>
			<ymax>762</ymax>
		</bndbox>
	</object>
</annotation>
