<annotation>
	<folder>Data_MainFolder</folder>
	<filename>2015_00179.jpg</filename>
	<path>/home/prathibha/Downloads/Data_MainFolder/2015_00179.jpg</path>
	<source>
		<database>Unknown</database>
	</source>
	<size>
		<width>640</width>
		<height>480</height>
		<depth>3</depth>
	</size>
	<segmented>0</segmented>
	<object>
		<name>Bicycle</name>
		<pose>Unspecified</pose>
		<truncated>0</truncated>
		<difficult>0</difficult>
		<bndbox>
			<xmin>166</xmin>
			<ymin>255</ymin>
			<xmax>311</xmax>
			<ymax>461</ymax>
		</bndbox>
	</object>
	<object>
		<name>Bicycle</name>
		<pose>Unspecified</pose>
		<truncated>0</truncated>
		<difficult>0</difficult>
		<bndbox>
			<xmin>328</xmin>
			<ymin>266</ymin>
			<xmax>491</xmax>
			<ymax>446</ymax>
		</bndbox>
	</object>
	<object>
		<name>Bicycle</name>
		<pose>Unspecified</pose>
		<truncated>0</truncated>
		<difficult>0</difficult>
		<bndbox>
			<xmin>433</xmin>
			<ymin>277</ymin>
			<xmax>586</xmax>
			<ymax>424</ymax>
		</bndbox>
	</object>
</annotation>
