<annotation>
	<folder>Data_MainFolder</folder>
	<filename>2015_00085.jpg</filename>
	<path>/home/prathibha/Downloads/Data_MainFolder/2015_00085.jpg</path>
	<source>
		<database>Unknown</database>
	</source>
	<size>
		<width>1600</width>
		<height>1067</height>
		<depth>3</depth>
	</size>
	<segmented>0</segmented>
	<object>
		<name>Bicycle</name>
		<pose>Unspecified</pose>
		<truncated>0</truncated>
		<difficult>0</difficult>
		<bndbox>
			<xmin>430</xmin>
			<ymin>506</ymin>
			<xmax>964</xmax>
			<ymax>840</ymax>
		</bndbox>
	</object>
	<object>
		<name>Bicycle</name>
		<pose>Unspecified</pose>
		<truncated>0</truncated>
		<difficult>0</difficult>
		<bndbox>
			<xmin>5</xmin>
			<ymin>421</ymin>
			<xmax>405</xmax>
			<ymax>940</ymax>
		</bndbox>
	</object>
</annotation>
