<annotation>
	<folder>Data_MainFolder</folder>
	<filename>2015_00181.jpg</filename>
	<path>/home/prathibha/Downloads/Data_MainFolder/2015_00181.jpg</path>
	<source>
		<database>Unknown</database>
	</source>
	<size>
		<width>436</width>
		<height>400</height>
		<depth>3</depth>
	</size>
	<segmented>0</segmented>
	<object>
		<name>Bicycle</name>
		<pose>Unspecified</pose>
		<truncated>0</truncated>
		<difficult>0</difficult>
		<bndbox>
			<xmin>106</xmin>
			<ymin>209</ymin>
			<xmax>210</xmax>
			<ymax>299</ymax>
		</bndbox>
	</object>
	<object>
		<name>Bicycle</name>
		<pose>Unspecified</pose>
		<truncated>0</truncated>
		<difficult>0</difficult>
		<bndbox>
			<xmin>192</xmin>
			<ymin>197</ymin>
			<xmax>289</xmax>
			<ymax>334</ymax>
		</bndbox>
	</object>
</annotation>
