<annotation>
	<folder>Data_MainFolder</folder>
	<filename>2015_00145.jpg</filename>
	<path>/home/prathibha/Downloads/Data_MainFolder/2015_00145.jpg</path>
	<source>
		<database>Unknown</database>
	</source>
	<size>
		<width>500</width>
		<height>333</height>
		<depth>3</depth>
	</size>
	<segmented>0</segmented>
	<object>
		<name>Bicycle</name>
		<pose>Unspecified</pose>
		<truncated>0</truncated>
		<difficult>0</difficult>
		<bndbox>
			<xmin>218</xmin>
			<ymin>201</ymin>
			<xmax>358</xmax>
			<ymax>295</ymax>
		</bndbox>
	</object>
</annotation>
