<annotation>
	<folder>Data_MainFolder</folder>
	<filename>2015_00006.jpg</filename>
	<path>/home/prathibha/Downloads/Data_MainFolder/2015_00006.jpg</path>
	<source>
		<database>Unknown</database>
	</source>
	<size>
		<width>500</width>
		<height>375</height>
		<depth>3</depth>
	</size>
	<segmented>0</segmented>
	<object>
		<name>Bicycle</name>
		<pose>Unspecified</pose>
		<truncated>1</truncated>
		<difficult>0</difficult>
		<bndbox>
			<xmin>372</xmin>
			<ymin>123</ymin>
			<xmax>500</xmax>
			<ymax>334</ymax>
		</bndbox>
	</object>
	<object>
		<name>Bicycle</name>
		<pose>Unspecified</pose>
		<truncated>0</truncated>
		<difficult>0</difficult>
		<bndbox>
			<xmin>213</xmin>
			<ymin>166</ymin>
			<xmax>228</xmax>
			<ymax>200</ymax>
		</bndbox>
	</object>
</annotation>
