<annotation>
	<folder>Data_MainFolder</folder>
	<filename>2015_00039.jpg</filename>
	<path>/home/prathibha/Downloads/Data_MainFolder/2015_00039.jpg</path>
	<source>
		<database>Unknown</database>
	</source>
	<size>
		<width>338</width>
		<height>508</height>
		<depth>3</depth>
	</size>
	<segmented>0</segmented>
	<object>
		<name>Bicycle</name>
		<pose>Unspecified</pose>
		<truncated>0</truncated>
		<difficult>0</difficult>
		<bndbox>
			<xmin>131</xmin>
			<ymin>348</ymin>
			<xmax>273</xmax>
			<ymax>455</ymax>
		</bndbox>
	</object>
	<object>
		<name>Bicycle</name>
		<pose>Unspecified</pose>
		<truncated>0</truncated>
		<difficult>0</difficult>
		<bndbox>
			<xmin>74</xmin>
			<ymin>358</ymin>
			<xmax>154</xmax>
			<ymax>443</ymax>
		</bndbox>
	</object>
</annotation>
