<annotation>
	<folder>Data_MainFolder</folder>
	<filename>2015_00157.jpg</filename>
	<path>/home/prathibha/Downloads/Data_MainFolder/2015_00157.jpg</path>
	<source>
		<database>Unknown</database>
	</source>
	<size>
		<width>427</width>
		<height>640</height>
		<depth>3</depth>
	</size>
	<segmented>0</segmented>
	<object>
		<name>Bicycle</name>
		<pose>Unspecified</pose>
		<truncated>0</truncated>
		<difficult>0</difficult>
		<bndbox>
			<xmin>31</xmin>
			<ymin>378</ymin>
			<xmax>161</xmax>
			<ymax>499</ymax>
		</bndbox>
	</object>
	<object>
		<name>Bicycle</name>
		<pose>Unspecified</pose>
		<truncated>0</truncated>
		<difficult>0</difficult>
		<bndbox>
			<xmin>100</xmin>
			<ymin>361</ymin>
			<xmax>191</xmax>
			<ymax>483</ymax>
		</bndbox>
	</object>
	<object>
		<name>Bicycle</name>
		<pose>Unspecified</pose>
		<truncated>0</truncated>
		<difficult>0</difficult>
		<bndbox>
			<xmin>138</xmin>
			<ymin>348</ymin>
			<xmax>227</xmax>
			<ymax>462</ymax>
		</bndbox>
	</object>
</annotation>
