<annotation>
	<folder>Data_MainFolder</folder>
	<filename>2015_00040.jpg</filename>
	<path>/home/prathibha/Downloads/Data_MainFolder/2015_00040.jpg</path>
	<source>
		<database>Unknown</database>
	</source>
	<size>
		<width>1600</width>
		<height>1063</height>
		<depth>3</depth>
	</size>
	<segmented>0</segmented>
	<object>
		<name>Bicycle</name>
		<pose>Unspecified</pose>
		<truncated>0</truncated>
		<difficult>0</difficult>
		<bndbox>
			<xmin>776</xmin>
			<ymin>302</ymin>
			<xmax>987</xmax>
			<ymax>481</ymax>
		</bndbox>
	</object>
</annotation>
