<annotation>
	<folder>Data_MainFolder</folder>
	<filename>2015_00054.jpg</filename>
	<path>/home/prathibha/Downloads/Data_MainFolder/2015_00054.jpg</path>
	<source>
		<database>Unknown</database>
	</source>
	<size>
		<width>507</width>
		<height>338</height>
		<depth>3</depth>
	</size>
	<segmented>0</segmented>
	<object>
		<name>Bicycle</name>
		<pose>Unspecified</pose>
		<truncated>0</truncated>
		<difficult>0</difficult>
		<bndbox>
			<xmin>86</xmin>
			<ymin>214</ymin>
			<xmax>206</xmax>
			<ymax>297</ymax>
		</bndbox>
	</object>
	<object>
		<name>Bicycle</name>
		<pose>Unspecified</pose>
		<truncated>0</truncated>
		<difficult>0</difficult>
		<bndbox>
			<xmin>211</xmin>
			<ymin>220</ymin>
			<xmax>321</xmax>
			<ymax>302</ymax>
		</bndbox>
	</object>
</annotation>
