<annotation>
	<folder>Data_MainFolder</folder>
	<filename>2015_00164.jpg</filename>
	<path>/home/prathibha/Downloads/Data_MainFolder/2015_00164.jpg</path>
	<source>
		<database>Unknown</database>
	</source>
	<size>
		<width>640</width>
		<height>426</height>
		<depth>3</depth>
	</size>
	<segmented>0</segmented>
	<object>
		<name>Bicycle</name>
		<pose>Unspecified</pose>
		<truncated>0</truncated>
		<difficult>0</difficult>
		<bndbox>
			<xmin>234</xmin>
			<ymin>149</ymin>
			<xmax>556</xmax>
			<ymax>357</ymax>
		</bndbox>
	</object>
</annotation>
