<annotation>
	<folder>Data_MainFolder</folder>
	<filename>2015_00069.jpg</filename>
	<path>/home/prathibha/Downloads/Data_MainFolder/2015_00069.jpg</path>
	<source>
		<database>Unknown</database>
	</source>
	<size>
		<width>640</width>
		<height>481</height>
		<depth>3</depth>
	</size>
	<segmented>0</segmented>
	<object>
		<name>Bicycle</name>
		<pose>Unspecified</pose>
		<truncated>0</truncated>
		<difficult>0</difficult>
		<bndbox>
			<xmin>135</xmin>
			<ymin>239</ymin>
			<xmax>238</xmax>
			<ymax>407</ymax>
		</bndbox>
	</object>
	<object>
		<name>Bicycle</name>
		<pose>Unspecified</pose>
		<truncated>0</truncated>
		<difficult>0</difficult>
		<bndbox>
			<xmin>401</xmin>
			<ymin>225</ymin>
			<xmax>467</xmax>
			<ymax>369</ymax>
		</bndbox>
	</object>
	<object>
		<name>Bicycle</name>
		<pose>Unspecified</pose>
		<truncated>0</truncated>
		<difficult>0</difficult>
		<bndbox>
			<xmin>282</xmin>
			<ymin>221</ymin>
			<xmax>334</xmax>
			<ymax>271</ymax>
		</bndbox>
	</object>
</annotation>
