<annotation>
	<folder>Data_MainFolder</folder>
	<filename>2015_00041.jpg</filename>
	<path>/home/prathibha/Downloads/Data_MainFolder/2015_00041.jpg</path>
	<source>
		<database>Unknown</database>
	</source>
	<size>
		<width>640</width>
		<height>424</height>
		<depth>3</depth>
	</size>
	<segmented>0</segmented>
	<object>
		<name>Bicycle</name>
		<pose>Unspecified</pose>
		<truncated>0</truncated>
		<difficult>0</difficult>
		<bndbox>
			<xmin>186</xmin>
			<ymin>161</ymin>
			<xmax>593</xmax>
			<ymax>401</ymax>
		</bndbox>
	</object>
	<object>
		<name>Bicycle</name>
		<pose>Unspecified</pose>
		<truncated>0</truncated>
		<difficult>0</difficult>
		<bndbox>
			<xmin>86</xmin>
			<ymin>6</ymin>
			<xmax>381</xmax>
			<ymax>162</ymax>
		</bndbox>
	</object>
</annotation>
