<annotation>
	<folder>Data_MainFolder</folder>
	<filename>2015_00126.jpg</filename>
	<path>/home/prathibha/Downloads/Data_MainFolder/2015_00126.jpg</path>
	<source>
		<database>Unknown</database>
	</source>
	<size>
		<width>1024</width>
		<height>678</height>
		<depth>3</depth>
	</size>
	<segmented>0</segmented>
	<object>
		<name>Bicycle</name>
		<pose>Unspecified</pose>
		<truncated>0</truncated>
		<difficult>0</difficult>
		<bndbox>
			<xmin>758</xmin>
			<ymin>415</ymin>
			<xmax>1022</xmax>
			<ymax>674</ymax>
		</bndbox>
	</object>
</annotation>
