<annotation>
	<folder>Data_MainFolder</folder>
	<filename>2015_00150.jpg</filename>
	<path>/home/prathibha/Downloads/Data_MainFolder/2015_00150.jpg</path>
	<source>
		<database>Unknown</database>
	</source>
	<size>
		<width>640</width>
		<height>489</height>
		<depth>3</depth>
	</size>
	<segmented>0</segmented>
	<object>
		<name>Bicycle</name>
		<pose>Unspecified</pose>
		<truncated>0</truncated>
		<difficult>0</difficult>
		<bndbox>
			<xmin>44</xmin>
			<ymin>283</ymin>
			<xmax>380</xmax>
			<ymax>483</ymax>
		</bndbox>
	</object>
	<object>
		<name>Bicycle</name>
		<pose>Unspecified</pose>
		<truncated>0</truncated>
		<difficult>0</difficult>
		<bndbox>
			<xmin>420</xmin>
			<ymin>274</ymin>
			<xmax>598</xmax>
			<ymax>428</ymax>
		</bndbox>
	</object>
	<object>
		<name>Bicycle</name>
		<pose>Unspecified</pose>
		<truncated>0</truncated>
		<difficult>0</difficult>
		<bndbox>
			<xmin>202</xmin>
			<ymin>273</ymin>
			<xmax>406</xmax>
			<ymax>424</ymax>
		</bndbox>
	</object>
</annotation>
