<annotation>
	<folder>Data_MainFolder</folder>
	<filename>2015_00093.jpg</filename>
	<path>/home/prathibha/Downloads/Data_MainFolder/2015_00093.jpg</path>
	<source>
		<database>Unknown</database>
	</source>
	<size>
		<width>640</width>
		<height>427</height>
		<depth>3</depth>
	</size>
	<segmented>0</segmented>
	<object>
		<name>Bicycle</name>
		<pose>Unspecified</pose>
		<truncated>0</truncated>
		<difficult>0</difficult>
		<bndbox>
			<xmin>156</xmin>
			<ymin>218</ymin>
			<xmax>246</xmax>
			<ymax>294</ymax>
		</bndbox>
	</object>
	<object>
		<name>Bicycle</name>
		<pose>Unspecified</pose>
		<truncated>0</truncated>
		<difficult>0</difficult>
		<bndbox>
			<xmin>417</xmin>
			<ymin>229</ymin>
			<xmax>463</xmax>
			<ymax>298</ymax>
		</bndbox>
	</object>
	<object>
		<name>Bicycle</name>
		<pose>Unspecified</pose>
		<truncated>0</truncated>
		<difficult>0</difficult>
		<bndbox>
			<xmin>456</xmin>
			<ymin>211</ymin>
			<xmax>544</xmax>
			<ymax>287</ymax>
		</bndbox>
	</object>
	<object>
		<name>Bicycle</name>
		<pose>Unspecified</pose>
		<truncated>0</truncated>
		<difficult>0</difficult>
		<bndbox>
			<xmin>503</xmin>
			<ymin>217</ymin>
			<xmax>590</xmax>
			<ymax>378</ymax>
		</bndbox>
	</object>
</annotation>
