<annotation>
	<folder>Data_MainFolder</folder>
	<filename>2015_00082.jpg</filename>
	<path>/home/prathibha/Downloads/Data_MainFolder/2015_00082.jpg</path>
	<source>
		<database>Unknown</database>
	</source>
	<size>
		<width>339</width>
		<height>506</height>
		<depth>3</depth>
	</size>
	<segmented>0</segmented>
	<object>
		<name>Bicycle</name>
		<pose>Unspecified</pose>
		<truncated>0</truncated>
		<difficult>0</difficult>
		<bndbox>
			<xmin>205</xmin>
			<ymin>321</ymin>
			<xmax>252</xmax>
			<ymax>440</ymax>
		</bndbox>
	</object>
	<object>
		<name>Bicycle</name>
		<pose>Unspecified</pose>
		<truncated>0</truncated>
		<difficult>0</difficult>
		<bndbox>
			<xmin>263</xmin>
			<ymin>281</ymin>
			<xmax>315</xmax>
			<ymax>394</ymax>
		</bndbox>
	</object>
	<object>
		<name>Bicycle</name>
		<pose>Unspecified</pose>
		<truncated>1</truncated>
		<difficult>0</difficult>
		<bndbox>
			<xmin>308</xmin>
			<ymin>327</ymin>
			<xmax>339</xmax>
			<ymax>464</ymax>
		</bndbox>
	</object>
</annotation>
