<annotation>
	<folder>Data_MainFolder</folder>
	<filename>2015_00135.jpg</filename>
	<path>/home/prathibha/Downloads/Data_MainFolder/2015_00135.jpg</path>
	<source>
		<database>Unknown</database>
	</source>
	<size>
		<width>799</width>
		<height>924</height>
		<depth>3</depth>
	</size>
	<segmented>0</segmented>
	<object>
		<name>Bicycle</name>
		<pose>Unspecified</pose>
		<truncated>0</truncated>
		<difficult>0</difficult>
		<bndbox>
			<xmin>272</xmin>
			<ymin>577</ymin>
			<xmax>403</xmax>
			<ymax>766</ymax>
		</bndbox>
	</object>
	<object>
		<name>Bicycle</name>
		<pose>Unspecified</pose>
		<truncated>0</truncated>
		<difficult>0</difficult>
		<bndbox>
			<xmin>517</xmin>
			<ymin>559</ymin>
			<xmax>654</xmax>
			<ymax>726</ymax>
		</bndbox>
	</object>
	<object>
		<name>Bicycle</name>
		<pose>Unspecified</pose>
		<truncated>0</truncated>
		<difficult>0</difficult>
		<bndbox>
			<xmin>609</xmin>
			<ymin>585</ymin>
			<xmax>795</xmax>
			<ymax>722</ymax>
		</bndbox>
	</object>
</annotation>
