<annotation>
	<folder>Data_MainFolder</folder>
	<filename>2015_00100.jpg</filename>
	<path>/home/prathibha/Downloads/Data_MainFolder/2015_00100.jpg</path>
	<source>
		<database>Unknown</database>
	</source>
	<size>
		<width>850</width>
		<height>638</height>
		<depth>1</depth>
	</size>
	<segmented>0</segmented>
	<object>
		<name>Bicycle</name>
		<pose>Unspecified</pose>
		<truncated>0</truncated>
		<difficult>0</difficult>
		<bndbox>
			<xmin>256</xmin>
			<ymin>337</ymin>
			<xmax>423</xmax>
			<ymax>580</ymax>
		</bndbox>
	</object>
</annotation>
