<annotation>
	<folder>Data_MainFolder</folder>
	<filename>2015_00189.jpg</filename>
	<path>/home/prathibha/Downloads/Data_MainFolder/2015_00189.jpg</path>
	<source>
		<database>Unknown</database>
	</source>
	<size>
		<width>426</width>
		<height>640</height>
		<depth>3</depth>
	</size>
	<segmented>0</segmented>
	<object>
		<name>Bicycle</name>
		<pose>Unspecified</pose>
		<truncated>0</truncated>
		<difficult>0</difficult>
		<bndbox>
			<xmin>255</xmin>
			<ymin>430</ymin>
			<xmax>381</xmax>
			<ymax>517</ymax>
		</bndbox>
	</object>
	<object>
		<name>Bicycle</name>
		<pose>Unspecified</pose>
		<truncated>0</truncated>
		<difficult>0</difficult>
		<bndbox>
			<xmin>221</xmin>
			<ymin>414</ymin>
			<xmax>318</xmax>
			<ymax>480</ymax>
		</bndbox>
	</object>
</annotation>
