<annotation>
	<folder>Data_MainFolder</folder>
	<filename>2015_00171.jpg</filename>
	<path>/home/prathibha/Downloads/Data_MainFolder/2015_00171.jpg</path>
	<source>
		<database>Unknown</database>
	</source>
	<size>
		<width>800</width>
		<height>800</height>
		<depth>3</depth>
	</size>
	<segmented>0</segmented>
	<object>
		<name>Bicycle</name>
		<pose>Unspecified</pose>
		<truncated>0</truncated>
		<difficult>0</difficult>
		<bndbox>
			<xmin>282</xmin>
			<ymin>394</ymin>
			<xmax>405</xmax>
			<ymax>608</ymax>
		</bndbox>
	</object>
</annotation>
