<annotation>
	<folder>Data_MainFolder</folder>
	<filename>2015_00165.jpg</filename>
	<path>/home/prathibha/Downloads/Data_MainFolder/2015_00165.jpg</path>
	<source>
		<database>Unknown</database>
	</source>
	<size>
		<width>328</width>
		<height>471</height>
		<depth>3</depth>
	</size>
	<segmented>0</segmented>
	<object>
		<name>Bicycle</name>
		<pose>Unspecified</pose>
		<truncated>0</truncated>
		<difficult>0</difficult>
		<bndbox>
			<xmin>38</xmin>
			<ymin>194</ymin>
			<xmax>153</xmax>
			<ymax>269</ymax>
		</bndbox>
	</object>
	<object>
		<name>Bicycle</name>
		<pose>Unspecified</pose>
		<truncated>0</truncated>
		<difficult>0</difficult>
		<bndbox>
			<xmin>148</xmin>
			<ymin>240</ymin>
			<xmax>298</xmax>
			<ymax>307</ymax>
		</bndbox>
	</object>
</annotation>
