<annotation>
	<folder>Data_MainFolder</folder>
	<filename>2015_00114.jpg</filename>
	<path>/home/prathibha/Downloads/Data_MainFolder/2015_00114.jpg</path>
	<source>
		<database>Unknown</database>
	</source>
	<size>
		<width>640</width>
		<height>427</height>
		<depth>3</depth>
	</size>
	<segmented>0</segmented>
	<object>
		<name>Bicycle</name>
		<pose>Unspecified</pose>
		<truncated>0</truncated>
		<difficult>0</difficult>
		<bndbox>
			<xmin>212</xmin>
			<ymin>243</ymin>
			<xmax>289</xmax>
			<ymax>342</ymax>
		</bndbox>
	</object>
</annotation>
