<annotation>
	<folder>Data_MainFolder</folder>
	<filename>2015_00170.jpg</filename>
	<path>/home/prathibha/Downloads/Data_MainFolder/2015_00170.jpg</path>
	<source>
		<database>Unknown</database>
	</source>
	<size>
		<width>640</width>
		<height>480</height>
		<depth>3</depth>
	</size>
	<segmented>0</segmented>
	<object>
		<name>Bicycle</name>
		<pose>Unspecified</pose>
		<truncated>0</truncated>
		<difficult>0</difficult>
		<bndbox>
			<xmin>146</xmin>
			<ymin>228</ymin>
			<xmax>448</xmax>
			<ymax>422</ymax>
		</bndbox>
	</object>
	<object>
		<name>Bicycle</name>
		<pose>Unspecified</pose>
		<truncated>1</truncated>
		<difficult>0</difficult>
		<bndbox>
			<xmin>286</xmin>
			<ymin>248</ymin>
			<xmax>640</xmax>
			<ymax>407</ymax>
		</bndbox>
	</object>
</annotation>
