<annotation>
	<folder>Data_MainFolder</folder>
	<filename>2015_00144.jpg</filename>
	<path>/home/prathibha/Downloads/Data_MainFolder/2015_00144.jpg</path>
	<source>
		<database>Unknown</database>
	</source>
	<size>
		<width>500</width>
		<height>375</height>
		<depth>3</depth>
	</size>
	<segmented>0</segmented>
	<object>
		<name>Bicycle</name>
		<pose>Unspecified</pose>
		<truncated>0</truncated>
		<difficult>0</difficult>
		<bndbox>
			<xmin>144</xmin>
			<ymin>104</ymin>
			<xmax>352</xmax>
			<ymax>309</ymax>
		</bndbox>
	</object>
</annotation>
