<annotation>
	<folder>Data_MainFolder</folder>
	<filename>2015_00056.jpg</filename>
	<path>/home/prathibha/Downloads/Data_MainFolder/2015_00056.jpg</path>
	<source>
		<database>Unknown</database>
	</source>
	<size>
		<width>640</width>
		<height>480</height>
		<depth>3</depth>
	</size>
	<segmented>0</segmented>
	<object>
		<name>Bicycle</name>
		<pose>Unspecified</pose>
		<truncated>0</truncated>
		<difficult>0</difficult>
		<bndbox>
			<xmin>421</xmin>
			<ymin>255</ymin>
			<xmax>546</xmax>
			<ymax>409</ymax>
		</bndbox>
	</object>
	<object>
		<name>Bicycle</name>
		<pose>Unspecified</pose>
		<truncated>0</truncated>
		<difficult>0</difficult>
		<bndbox>
			<xmin>259</xmin>
			<ymin>258</ymin>
			<xmax>344</xmax>
			<ymax>420</ymax>
		</bndbox>
	</object>
	<object>
		<name>Bicycle</name>
		<pose>Unspecified</pose>
		<truncated>0</truncated>
		<difficult>0</difficult>
		<bndbox>
			<xmin>189</xmin>
			<ymin>253</ymin>
			<xmax>277</xmax>
			<ymax>420</ymax>
		</bndbox>
	</object>
</annotation>
