<annotation>
	<folder>Data_MainFolder</folder>
	<filename>2015_00130.jpg</filename>
	<path>/home/prathibha/Downloads/Data_MainFolder/2015_00130.jpg</path>
	<source>
		<database>Unknown</database>
	</source>
	<size>
		<width>507</width>
		<height>338</height>
		<depth>1</depth>
	</size>
	<segmented>0</segmented>
	<object>
		<name>Bicycle</name>
		<pose>Unspecified</pose>
		<truncated>1</truncated>
		<difficult>0</difficult>
		<bndbox>
			<xmin>21</xmin>
			<ymin>60</ymin>
			<xmax>507</xmax>
			<ymax>332</ymax>
		</bndbox>
	</object>
</annotation>
