<annotation>
	<folder>Data_MainFolder</folder>
	<filename>2015_00032.jpg</filename>
	<path>/home/prathibha/Downloads/Data_MainFolder/2015_00032.jpg</path>
	<source>
		<database>Unknown</database>
	</source>
	<size>
		<width>640</width>
		<height>428</height>
		<depth>1</depth>
	</size>
	<segmented>0</segmented>
	<object>
		<name>Bicycle</name>
		<pose>Unspecified</pose>
		<truncated>0</truncated>
		<difficult>0</difficult>
		<bndbox>
			<xmin>52</xmin>
			<ymin>229</ymin>
			<xmax>348</xmax>
			<ymax>375</ymax>
		</bndbox>
	</object>
</annotation>
