<annotation>
	<folder>Data_MainFolder</folder>
	<filename>2015_00057.jpg</filename>
	<path>/home/prathibha/Downloads/Data_MainFolder/2015_00057.jpg</path>
	<source>
		<database>Unknown</database>
	</source>
	<size>
		<width>506</width>
		<height>339</height>
		<depth>3</depth>
	</size>
	<segmented>0</segmented>
	<object>
		<name>Bicycle</name>
		<pose>Unspecified</pose>
		<truncated>0</truncated>
		<difficult>0</difficult>
		<bndbox>
			<xmin>76</xmin>
			<ymin>163</ymin>
			<xmax>318</xmax>
			<ymax>303</ymax>
		</bndbox>
	</object>
	<object>
		<name>Bicycle</name>
		<pose>Unspecified</pose>
		<truncated>0</truncated>
		<difficult>0</difficult>
		<bndbox>
			<xmin>338</xmin>
			<ymin>118</ymin>
			<xmax>442</xmax>
			<ymax>214</ymax>
		</bndbox>
	</object>
</annotation>
