<annotation>
	<folder>Data_MainFolder</folder>
	<filename>2015_00086.jpg</filename>
	<path>/home/prathibha/Downloads/Data_MainFolder/2015_00086.jpg</path>
	<source>
		<database>Unknown</database>
	</source>
	<size>
		<width>427</width>
		<height>640</height>
		<depth>3</depth>
	</size>
	<segmented>0</segmented>
	<object>
		<name>Bicycle</name>
		<pose>Unspecified</pose>
		<truncated>0</truncated>
		<difficult>0</difficult>
		<bndbox>
			<xmin>46</xmin>
			<ymin>330</ymin>
			<xmax>364</xmax>
			<ymax>522</ymax>
		</bndbox>
	</object>
	<object>
		<name>Bicycle</name>
		<pose>Unspecified</pose>
		<truncated>0</truncated>
		<difficult>0</difficult>
		<bndbox>
			<xmin>141</xmin>
			<ymin>307</ymin>
			<xmax>359</xmax>
			<ymax>469</ymax>
		</bndbox>
	</object>
</annotation>
