<annotation>
	<folder>Data_MainFolder</folder>
	<filename>2015_00183.jpg</filename>
	<path>/home/prathibha/Downloads/Data_MainFolder/2015_00183.jpg</path>
	<source>
		<database>Unknown</database>
	</source>
	<size>
		<width>640</width>
		<height>458</height>
		<depth>3</depth>
	</size>
	<segmented>0</segmented>
	<object>
		<name>Bicycle</name>
		<pose>Unspecified</pose>
		<truncated>0</truncated>
		<difficult>0</difficult>
		<bndbox>
			<xmin>106</xmin>
			<ymin>116</ymin>
			<xmax>288</xmax>
			<ymax>379</ymax>
		</bndbox>
	</object>
</annotation>
