<annotation>
	<folder>Data_MainFolder</folder>
	<filename>2015_00104.jpg</filename>
	<path>/home/prathibha/Downloads/Data_MainFolder/2015_00104.jpg</path>
	<source>
		<database>Unknown</database>
	</source>
	<size>
		<width>1024</width>
		<height>819</height>
		<depth>1</depth>
	</size>
	<segmented>0</segmented>
	<object>
		<name>Bicycle</name>
		<pose>Unspecified</pose>
		<truncated>0</truncated>
		<difficult>0</difficult>
		<bndbox>
			<xmin>128</xmin>
			<ymin>482</ymin>
			<xmax>312</xmax>
			<ymax>698</ymax>
		</bndbox>
	</object>
</annotation>
