<annotation>
	<folder>Data_MainFolder</folder>
	<filename>2015_00060.jpg</filename>
	<path>/home/prathibha/Downloads/Data_MainFolder/2015_00060.jpg</path>
	<source>
		<database>Unknown</database>
	</source>
	<size>
		<width>607</width>
		<height>405</height>
		<depth>3</depth>
	</size>
	<segmented>0</segmented>
	<object>
		<name>Bicycle</name>
		<pose>Unspecified</pose>
		<truncated>0</truncated>
		<difficult>0</difficult>
		<bndbox>
			<xmin>165</xmin>
			<ymin>26</ymin>
			<xmax>375</xmax>
			<ymax>361</ymax>
		</bndbox>
	</object>
</annotation>
