<annotation>
	<folder>Data_MainFolder</folder>
	<filename>2015_00004.jpg</filename>
	<path>/home/prathibha/Downloads/Data_MainFolder/2015_00004.jpg</path>
	<source>
		<database>Unknown</database>
	</source>
	<size>
		<width>640</width>
		<height>360</height>
		<depth>3</depth>
	</size>
	<segmented>0</segmented>
	<object>
		<name>Bicycle</name>
		<pose>Unspecified</pose>
		<truncated>1</truncated>
		<difficult>0</difficult>
		<bndbox>
			<xmin>103</xmin>
			<ymin>157</ymin>
			<xmax>296</xmax>
			<ymax>360</ymax>
		</bndbox>
	</object>
	<object>
		<name>Bicycle</name>
		<pose>Unspecified</pose>
		<truncated>0</truncated>
		<difficult>0</difficult>
		<bndbox>
			<xmin>330</xmin>
			<ymin>112</ymin>
			<xmax>564</xmax>
			<ymax>272</ymax>
		</bndbox>
	</object>
</annotation>
