<annotation>
	<folder>Data_MainFolder</folder>
	<filename>2015_00009.jpg</filename>
	<path>/home/prathibha/Downloads/Data_MainFolder/2015_00009.jpg</path>
	<source>
		<database>Unknown</database>
	</source>
	<size>
		<width>500</width>
		<height>375</height>
		<depth>3</depth>
	</size>
	<segmented>0</segmented>
	<object>
		<name>Bicycle</name>
		<pose>Unspecified</pose>
		<truncated>0</truncated>
		<difficult>0</difficult>
		<bndbox>
			<xmin>187</xmin>
			<ymin>150</ymin>
			<xmax>343</xmax>
			<ymax>263</ymax>
		</bndbox>
	</object>
	<object>
		<name>Bicycle</name>
		<pose>Unspecified</pose>
		<truncated>0</truncated>
		<difficult>0</difficult>
		<bndbox>
			<xmin>349</xmin>
			<ymin>157</ymin>
			<xmax>475</xmax>
			<ymax>268</ymax>
		</bndbox>
	</object>
</annotation>
