<annotation>
	<folder>Data_MainFolder</folder>
	<filename>2015_00167.jpg</filename>
	<path>/home/prathibha/Downloads/Data_MainFolder/2015_00167.jpg</path>
	<source>
		<database>Unknown</database>
	</source>
	<size>
		<width>480</width>
		<height>640</height>
		<depth>3</depth>
	</size>
	<segmented>0</segmented>
	<object>
		<name>Bicycle</name>
		<pose>Unspecified</pose>
		<truncated>0</truncated>
		<difficult>0</difficult>
		<bndbox>
			<xmin>52</xmin>
			<ymin>347</ymin>
			<xmax>138</xmax>
			<ymax>508</ymax>
		</bndbox>
	</object>
	<object>
		<name>Bicycle</name>
		<pose>Unspecified</pose>
		<truncated>0</truncated>
		<difficult>0</difficult>
		<bndbox>
			<xmin>148</xmin>
			<ymin>364</ymin>
			<xmax>256</xmax>
			<ymax>534</ymax>
		</bndbox>
	</object>
	<object>
		<name>Bicycle</name>
		<pose>Unspecified</pose>
		<truncated>0</truncated>
		<difficult>0</difficult>
		<bndbox>
			<xmin>381</xmin>
			<ymin>387</ymin>
			<xmax>460</xmax>
			<ymax>572</ymax>
		</bndbox>
	</object>
</annotation>
