<annotation>
	<folder>Data_MainFolder</folder>
	<filename>2015_00112.jpg</filename>
	<path>/home/prathibha/Downloads/Data_MainFolder/2015_00112.jpg</path>
	<source>
		<database>Unknown</database>
	</source>
	<size>
		<width>500</width>
		<height>430</height>
		<depth>3</depth>
	</size>
	<segmented>0</segmented>
	<object>
		<name>Bicycle</name>
		<pose>Unspecified</pose>
		<truncated>0</truncated>
		<difficult>0</difficult>
		<bndbox>
			<xmin>233</xmin>
			<ymin>275</ymin>
			<xmax>268</xmax>
			<ymax>321</ymax>
		</bndbox>
	</object>
	<object>
		<name>Bicycle</name>
		<pose>Unspecified</pose>
		<truncated>0</truncated>
		<difficult>0</difficult>
		<bndbox>
			<xmin>260</xmin>
			<ymin>277</ymin>
			<xmax>284</xmax>
			<ymax>313</ymax>
		</bndbox>
	</object>
	<object>
		<name>Bicycle</name>
		<pose>Unspecified</pose>
		<truncated>0</truncated>
		<difficult>0</difficult>
		<bndbox>
			<xmin>390</xmin>
			<ymin>257</ymin>
			<xmax>456</xmax>
			<ymax>352</ymax>
		</bndbox>
	</object>
</annotation>
