<annotation>
	<folder>Data_MainFolder</folder>
	<filename>2015_00136.jpg</filename>
	<path>/home/prathibha/Downloads/Data_MainFolder/2015_00136.jpg</path>
	<source>
		<database>Unknown</database>
	</source>
	<size>
		<width>857</width>
		<height>639</height>
		<depth>1</depth>
	</size>
	<segmented>0</segmented>
	<object>
		<name>Bicycle</name>
		<pose>Unspecified</pose>
		<truncated>0</truncated>
		<difficult>0</difficult>
		<bndbox>
			<xmin>185</xmin>
			<ymin>366</ymin>
			<xmax>373</xmax>
			<ymax>513</ymax>
		</bndbox>
	</object>
	<object>
		<name>Bicycle</name>
		<pose>Unspecified</pose>
		<truncated>1</truncated>
		<difficult>0</difficult>
		<bndbox>
			<xmin>496</xmin>
			<ymin>233</ymin>
			<xmax>857</xmax>
			<ymax>638</ymax>
		</bndbox>
	</object>
</annotation>
