<annotation>
	<folder>Data_MainFolder</folder>
	<filename>2015_00090.jpg</filename>
	<path>/home/prathibha/Downloads/Data_MainFolder/2015_00090.jpg</path>
	<source>
		<database>Unknown</database>
	</source>
	<size>
		<width>412</width>
		<height>416</height>
		<depth>3</depth>
	</size>
	<segmented>0</segmented>
	<object>
		<name>Bicycle</name>
		<pose>Unspecified</pose>
		<truncated>0</truncated>
		<difficult>0</difficult>
		<bndbox>
			<xmin>271</xmin>
			<ymin>264</ymin>
			<xmax>342</xmax>
			<ymax>392</ymax>
		</bndbox>
	</object>
	<object>
		<name>Bicycle</name>
		<pose>Unspecified</pose>
		<truncated>0</truncated>
		<difficult>0</difficult>
		<bndbox>
			<xmin>212</xmin>
			<ymin>222</ymin>
			<xmax>234</xmax>
			<ymax>285</ymax>
		</bndbox>
	</object>
</annotation>
