<annotation>
	<folder>Data_MainFolder</folder>
	<filename>2015_00098.jpg</filename>
	<path>/home/prathibha/Downloads/Data_MainFolder/2015_00098.jpg</path>
	<source>
		<database>Unknown</database>
	</source>
	<size>
		<width>1600</width>
		<height>1067</height>
		<depth>3</depth>
	</size>
	<segmented>0</segmented>
	<object>
		<name>Bicycle</name>
		<pose>Unspecified</pose>
		<truncated>0</truncated>
		<difficult>0</difficult>
		<bndbox>
			<xmin>222</xmin>
			<ymin>496</ymin>
			<xmax>672</xmax>
			<ymax>892</ymax>
		</bndbox>
	</object>
	<object>
		<name>Bicycle</name>
		<pose>Unspecified</pose>
		<truncated>0</truncated>
		<difficult>0</difficult>
		<bndbox>
			<xmin>310</xmin>
			<ymin>513</ymin>
			<xmax>726</xmax>
			<ymax>798</ymax>
		</bndbox>
	</object>
</annotation>
