<annotation>
	<folder>Data_MainFolder</folder>
	<filename>2015_00068.jpg</filename>
	<path>/home/prathibha/Downloads/Data_MainFolder/2015_00068.jpg</path>
	<source>
		<database>Unknown</database>
	</source>
	<size>
		<width>640</width>
		<height>427</height>
		<depth>3</depth>
	</size>
	<segmented>0</segmented>
	<object>
		<name>Bicycle</name>
		<pose>Unspecified</pose>
		<truncated>0</truncated>
		<difficult>0</difficult>
		<bndbox>
			<xmin>64</xmin>
			<ymin>185</ymin>
			<xmax>141</xmax>
			<ymax>287</ymax>
		</bndbox>
	</object>
	<object>
		<name>Bicycle</name>
		<pose>Unspecified</pose>
		<truncated>1</truncated>
		<difficult>0</difficult>
		<bndbox>
			<xmin>495</xmin>
			<ymin>145</ymin>
			<xmax>640</xmax>
			<ymax>309</ymax>
		</bndbox>
	</object>
</annotation>
