<annotation>
	<folder>Data_MainFolder</folder>
	<filename>2015_00015.jpg</filename>
	<path>/home/prathibha/Downloads/Data_MainFolder/2015_00015.jpg</path>
	<source>
		<database>Unknown</database>
	</source>
	<size>
		<width>800</width>
		<height>800</height>
		<depth>3</depth>
	</size>
	<segmented>0</segmented>
	<object>
		<name>Bicycle</name>
		<pose>Unspecified</pose>
		<truncated>0</truncated>
		<difficult>0</difficult>
		<bndbox>
			<xmin>226</xmin>
			<ymin>258</ymin>
			<xmax>433</xmax>
			<ymax>628</ymax>
		</bndbox>
	</object>
	<object>
		<name>Bicycle</name>
		<pose>Unspecified</pose>
		<truncated>0</truncated>
		<difficult>0</difficult>
		<bndbox>
			<xmin>671</xmin>
			<ymin>299</ymin>
			<xmax>794</xmax>
			<ymax>593</ymax>
		</bndbox>
	</object>
	<object>
		<name>Bicycle</name>
		<pose>Unspecified</pose>
		<truncated>0</truncated>
		<difficult>0</difficult>
		<bndbox>
			<xmin>448</xmin>
			<ymin>311</ymin>
			<xmax>585</xmax>
			<ymax>520</ymax>
		</bndbox>
	</object>
	<object>
		<name>Bicycle</name>
		<pose>Unspecified</pose>
		<truncated>1</truncated>
		<difficult>0</difficult>
		<bndbox>
			<xmin>1</xmin>
			<ymin>397</ymin>
			<xmax>132</xmax>
			<ymax>697</ymax>
		</bndbox>
	</object>
</annotation>
