<annotation>
	<folder>Data_MainFolder</folder>
	<filename>2015_00029.jpg</filename>
	<path>/home/prathibha/Downloads/Data_MainFolder/2015_00029.jpg</path>
	<source>
		<database>Unknown</database>
	</source>
	<size>
		<width>530</width>
		<height>800</height>
		<depth>1</depth>
	</size>
	<segmented>0</segmented>
	<object>
		<name>Bicycle</name>
		<pose>Unspecified</pose>
		<truncated>0</truncated>
		<difficult>0</difficult>
		<bndbox>
			<xmin>256</xmin>
			<ymin>411</ymin>
			<xmax>414</xmax>
			<ymax>572</ymax>
		</bndbox>
	</object>
</annotation>
