<annotation>
	<folder>Data_MainFolder</folder>
	<filename>2015_00019.jpg</filename>
	<path>/home/prathibha/Downloads/Data_MainFolder/2015_00019.jpg</path>
	<source>
		<database>Unknown</database>
	</source>
	<size>
		<width>506</width>
		<height>338</height>
		<depth>3</depth>
	</size>
	<segmented>0</segmented>
	<object>
		<name>Bicycle</name>
		<pose>Unspecified</pose>
		<truncated>0</truncated>
		<difficult>0</difficult>
		<bndbox>
			<xmin>242</xmin>
			<ymin>165</ymin>
			<xmax>300</xmax>
			<ymax>261</ymax>
		</bndbox>
	</object>
	<object>
		<name>Bicycle</name>
		<pose>Unspecified</pose>
		<truncated>0</truncated>
		<difficult>0</difficult>
		<bndbox>
			<xmin>373</xmin>
			<ymin>201</ymin>
			<xmax>441</xmax>
			<ymax>288</ymax>
		</bndbox>
	</object>
	<object>
		<name>Bicycle</name>
		<pose>Unspecified</pose>
		<truncated>0</truncated>
		<difficult>0</difficult>
		<bndbox>
			<xmin>398</xmin>
			<ymin>179</ymin>
			<xmax>495</xmax>
			<ymax>314</ymax>
		</bndbox>
	</object>
	<object>
		<name>Bicycle</name>
		<pose>Unspecified</pose>
		<truncated>0</truncated>
		<difficult>0</difficult>
		<bndbox>
			<xmin>312</xmin>
			<ymin>185</ymin>
			<xmax>363</xmax>
			<ymax>298</ymax>
		</bndbox>
	</object>
</annotation>
