<annotation>
	<folder>Data_MainFolder</folder>
	<filename>2015_00105.jpg</filename>
	<path>/home/prathibha/Downloads/Data_MainFolder/2015_00105.jpg</path>
	<source>
		<database>Unknown</database>
	</source>
	<size>
		<width>600</width>
		<height>800</height>
		<depth>3</depth>
	</size>
	<segmented>0</segmented>
	<object>
		<name>Bicycle</name>
		<pose>Unspecified</pose>
		<truncated>1</truncated>
		<difficult>0</difficult>
		<bndbox>
			<xmin>195</xmin>
			<ymin>496</ymin>
			<xmax>598</xmax>
			<ymax>800</ymax>
		</bndbox>
	</object>
</annotation>
