<annotation>
	<folder>Data_MainFolder</folder>
	<filename>2015_00142.jpg</filename>
	<path>/home/prathibha/Downloads/Data_MainFolder/2015_00142.jpg</path>
	<source>
		<database>Unknown</database>
	</source>
	<size>
		<width>854</width>
		<height>480</height>
		<depth>3</depth>
	</size>
	<segmented>0</segmented>
	<object>
		<name>Bicycle</name>
		<pose>Unspecified</pose>
		<truncated>0</truncated>
		<difficult>0</difficult>
		<bndbox>
			<xmin>261</xmin>
			<ymin>212</ymin>
			<xmax>387</xmax>
			<ymax>367</ymax>
		</bndbox>
	</object>
	<object>
		<name>Bicycle</name>
		<pose>Unspecified</pose>
		<truncated>0</truncated>
		<difficult>0</difficult>
		<bndbox>
			<xmin>469</xmin>
			<ymin>219</ymin>
			<xmax>521</xmax>
			<ymax>338</ymax>
		</bndbox>
	</object>
</annotation>
