<annotation>
	<folder>Data_MainFolder</folder>
	<filename>2015_00011.jpg</filename>
	<path>/home/prathibha/Downloads/Data_MainFolder/2015_00011.jpg</path>
	<source>
		<database>Unknown</database>
	</source>
	<size>
		<width>1024</width>
		<height>768</height>
		<depth>3</depth>
	</size>
	<segmented>0</segmented>
	<object>
		<name>Bicycle</name>
		<pose>Unspecified</pose>
		<truncated>1</truncated>
		<difficult>0</difficult>
		<bndbox>
			<xmin>395</xmin>
			<ymin>493</ymin>
			<xmax>543</xmax>
			<ymax>768</ymax>
		</bndbox>
	</object>
</annotation>
