<annotation>
	<folder>Data_MainFolder</folder>
	<filename>2015_00022.jpg</filename>
	<path>/home/prathibha/Downloads/Data_MainFolder/2015_00022.jpg</path>
	<source>
		<database>Unknown</database>
	</source>
	<size>
		<width>332</width>
		<height>500</height>
		<depth>3</depth>
	</size>
	<segmented>0</segmented>
	<object>
		<name>Bicycle</name>
		<pose>Unspecified</pose>
		<truncated>0</truncated>
		<difficult>0</difficult>
		<bndbox>
			<xmin>95</xmin>
			<ymin>166</ymin>
			<xmax>260</xmax>
			<ymax>474</ymax>
		</bndbox>
	</object>
</annotation>
