<annotation>
	<folder>Data_MainFolder</folder>
	<filename>2015_00025.jpg</filename>
	<path>/home/prathibha/Downloads/Data_MainFolder/2015_00025.jpg</path>
	<source>
		<database>Unknown</database>
	</source>
	<size>
		<width>640</width>
		<height>426</height>
		<depth>3</depth>
	</size>
	<segmented>0</segmented>
	<object>
		<name>Bicycle</name>
		<pose>Unspecified</pose>
		<truncated>0</truncated>
		<difficult>0</difficult>
		<bndbox>
			<xmin>10</xmin>
			<ymin>182</ymin>
			<xmax>137</xmax>
			<ymax>311</ymax>
		</bndbox>
	</object>
	<object>
		<name>Bicycle</name>
		<pose>Unspecified</pose>
		<truncated>0</truncated>
		<difficult>0</difficult>
		<bndbox>
			<xmin>305</xmin>
			<ymin>214</ymin>
			<xmax>581</xmax>
			<ymax>376</ymax>
		</bndbox>
	</object>
</annotation>
