<annotation>
	<folder>Data_MainFolder</folder>
	<filename>2015_00061.jpg</filename>
	<path>/home/prathibha/Downloads/Data_MainFolder/2015_00061.jpg</path>
	<source>
		<database>Unknown</database>
	</source>
	<size>
		<width>640</width>
		<height>427</height>
		<depth>3</depth>
	</size>
	<segmented>0</segmented>
	<object>
		<name>Bicycle</name>
		<pose>Unspecified</pose>
		<truncated>0</truncated>
		<difficult>0</difficult>
		<bndbox>
			<xmin>9</xmin>
			<ymin>42</ymin>
			<xmax>323</xmax>
			<ymax>409</ymax>
		</bndbox>
	</object>
	<object>
		<name>Bicycle</name>
		<pose>Unspecified</pose>
		<truncated>0</truncated>
		<difficult>0</difficult>
		<bndbox>
			<xmin>464</xmin>
			<ymin>118</ymin>
			<xmax>533</xmax>
			<ymax>217</ymax>
		</bndbox>
	</object>
</annotation>
