<annotation>
	<folder>Data_MainFolder</folder>
	<filename>2015_00103.jpg</filename>
	<path>/home/prathibha/Downloads/Data_MainFolder/2015_00103.jpg</path>
	<source>
		<database>Unknown</database>
	</source>
	<size>
		<width>499</width>
		<height>420</height>
		<depth>3</depth>
	</size>
	<segmented>0</segmented>
	<object>
		<name>Bicycle</name>
		<pose>Unspecified</pose>
		<truncated>1</truncated>
		<difficult>0</difficult>
		<bndbox>
			<xmin>251</xmin>
			<ymin>286</ymin>
			<xmax>342</xmax>
			<ymax>420</ymax>
		</bndbox>
	</object>
</annotation>
