<annotation>
	<folder>Data_MainFolder</folder>
	<filename>2015_00146.jpg</filename>
	<path>/home/prathibha/Downloads/Data_MainFolder/2015_00146.jpg</path>
	<source>
		<database>Unknown</database>
	</source>
	<size>
		<width>500</width>
		<height>357</height>
		<depth>3</depth>
	</size>
	<segmented>0</segmented>
	<object>
		<name>Bicycle</name>
		<pose>Unspecified</pose>
		<truncated>0</truncated>
		<difficult>0</difficult>
		<bndbox>
			<xmin>88</xmin>
			<ymin>46</ymin>
			<xmax>196</xmax>
			<ymax>163</ymax>
		</bndbox>
	</object>
</annotation>
