<annotation>
	<folder>Data_MainFolder</folder>
	<filename>2015_00176.jpg</filename>
	<path>/home/prathibha/Downloads/Data_MainFolder/2015_00176.jpg</path>
	<source>
		<database>Unknown</database>
	</source>
	<size>
		<width>640</width>
		<height>480</height>
		<depth>3</depth>
	</size>
	<segmented>0</segmented>
	<object>
		<name>Bicycle</name>
		<pose>Unspecified</pose>
		<truncated>0</truncated>
		<difficult>0</difficult>
		<bndbox>
			<xmin>87</xmin>
			<ymin>249</ymin>
			<xmax>197</xmax>
			<ymax>401</ymax>
		</bndbox>
	</object>
</annotation>
