<annotation>
	<folder>Data_MainFolder</folder>
	<filename>2015_00005.jpg</filename>
	<path>/home/prathibha/Downloads/Data_MainFolder/2015_00005.jpg</path>
	<source>
		<database>Unknown</database>
	</source>
	<size>
		<width>500</width>
		<height>333</height>
		<depth>1</depth>
	</size>
	<segmented>0</segmented>
	<object>
		<name>Bicycle</name>
		<pose>Unspecified</pose>
		<truncated>1</truncated>
		<difficult>0</difficult>
		<bndbox>
			<xmin>229</xmin>
			<ymin>56</ymin>
			<xmax>330</xmax>
			<ymax>333</ymax>
		</bndbox>
	</object>
	<object>
		<name>Bicycle</name>
		<pose>Unspecified</pose>
		<truncated>1</truncated>
		<difficult>0</difficult>
		<bndbox>
			<xmin>332</xmin>
			<ymin>110</ymin>
			<xmax>421</xmax>
			<ymax>333</ymax>
		</bndbox>
	</object>
</annotation>
