<annotation>
	<folder>Data_MainFolder</folder>
	<filename>2015_00111.jpg</filename>
	<path>/home/prathibha/Downloads/Data_MainFolder/2015_00111.jpg</path>
	<source>
		<database>Unknown</database>
	</source>
	<size>
		<width>339</width>
		<height>506</height>
		<depth>3</depth>
	</size>
	<segmented>0</segmented>
	<object>
		<name>Bicycle</name>
		<pose>Unspecified</pose>
		<truncated>0</truncated>
		<difficult>0</difficult>
		<bndbox>
			<xmin>31</xmin>
			<ymin>298</ymin>
			<xmax>124</xmax>
			<ymax>457</ymax>
		</bndbox>
	</object>
	<object>
		<name>Bicycle</name>
		<pose>Unspecified</pose>
		<truncated>0</truncated>
		<difficult>0</difficult>
		<bndbox>
			<xmin>267</xmin>
			<ymin>257</ymin>
			<xmax>327</xmax>
			<ymax>370</ymax>
		</bndbox>
	</object>
</annotation>
