<annotation>
	<folder>Data_MainFolder</folder>
	<filename>2015_00117.jpg</filename>
	<path>/home/prathibha/Downloads/Data_MainFolder/2015_00117.jpg</path>
	<source>
		<database>Unknown</database>
	</source>
	<size>
		<width>640</width>
		<height>426</height>
		<depth>3</depth>
	</size>
	<segmented>0</segmented>
	<object>
		<name>Bicycle</name>
		<pose>Unspecified</pose>
		<truncated>0</truncated>
		<difficult>0</difficult>
		<bndbox>
			<xmin>33</xmin>
			<ymin>29</ymin>
			<xmax>427</xmax>
			<ymax>297</ymax>
		</bndbox>
	</object>
</annotation>
