<annotation>
	<folder>Data_MainFolder</folder>
	<filename>2015_00051.jpg</filename>
	<path>/home/prathibha/Downloads/Data_MainFolder/2015_00051.jpg</path>
	<source>
		<database>Unknown</database>
	</source>
	<size>
		<width>478</width>
		<height>359</height>
		<depth>3</depth>
	</size>
	<segmented>0</segmented>
	<object>
		<name>Bicycle</name>
		<pose>Unspecified</pose>
		<truncated>0</truncated>
		<difficult>0</difficult>
		<bndbox>
			<xmin>269</xmin>
			<ymin>247</ymin>
			<xmax>269</xmax>
			<ymax>250</ymax>
		</bndbox>
	</object>
	<object>
		<name>Bicycle</name>
		<pose>Unspecified</pose>
		<truncated>0</truncated>
		<difficult>0</difficult>
		<bndbox>
			<xmin>334</xmin>
			<ymin>193</ymin>
			<xmax>375</xmax>
			<ymax>261</ymax>
		</bndbox>
	</object>
	<object>
		<name>Bicycle</name>
		<pose>Unspecified</pose>
		<truncated>0</truncated>
		<difficult>0</difficult>
		<bndbox>
			<xmin>2</xmin>
			<ymin>10</ymin>
			<xmax>258</xmax>
			<ymax>258</ymax>
		</bndbox>
	</object>
</annotation>
