<annotation>
	<folder>Data_MainFolder</folder>
	<filename>2015_00116.jpg</filename>
	<path>/home/prathibha/Downloads/Data_MainFolder/2015_00116.jpg</path>
	<source>
		<database>Unknown</database>
	</source>
	<size>
		<width>640</width>
		<height>426</height>
		<depth>3</depth>
	</size>
	<segmented>0</segmented>
	<object>
		<name>Bicycle</name>
		<pose>Unspecified</pose>
		<truncated>1</truncated>
		<difficult>0</difficult>
		<bndbox>
			<xmin>450</xmin>
			<ymin>284</ymin>
			<xmax>577</xmax>
			<ymax>426</ymax>
		</bndbox>
	</object>
	<object>
		<name>Bicycle</name>
		<pose>Unspecified</pose>
		<truncated>0</truncated>
		<difficult>0</difficult>
		<bndbox>
			<xmin>533</xmin>
			<ymin>229</ymin>
			<xmax>622</xmax>
			<ymax>352</ymax>
		</bndbox>
	</object>
</annotation>
