<annotation>
	<folder>Data_MainFolder</folder>
	<filename>2015_00139.jpg</filename>
	<path>/home/prathibha/Downloads/Data_MainFolder/2015_00139.jpg</path>
	<source>
		<database>Unknown</database>
	</source>
	<size>
		<width>500</width>
		<height>331</height>
		<depth>3</depth>
	</size>
	<segmented>0</segmented>
	<object>
		<name>Bicycle</name>
		<pose>Unspecified</pose>
		<truncated>1</truncated>
		<difficult>0</difficult>
		<bndbox>
			<xmin>2</xmin>
			<ymin>181</ymin>
			<xmax>240</xmax>
			<ymax>331</ymax>
		</bndbox>
	</object>
	<object>
		<name>Bicycle</name>
		<pose>Unspecified</pose>
		<truncated>0</truncated>
		<difficult>0</difficult>
		<bndbox>
			<xmin>27</xmin>
			<ymin>127</ymin>
			<xmax>234</xmax>
			<ymax>260</ymax>
		</bndbox>
	</object>
</annotation>
