<annotation>
	<folder>Data_MainFolder</folder>
	<filename>2015_00129.jpg</filename>
	<path>/home/prathibha/Downloads/Data_MainFolder/2015_00129.jpg</path>
	<source>
		<database>Unknown</database>
	</source>
	<size>
		<width>639</width>
		<height>407</height>
		<depth>3</depth>
	</size>
	<segmented>0</segmented>
	<object>
		<name>Bicycle</name>
		<pose>Unspecified</pose>
		<truncated>0</truncated>
		<difficult>0</difficult>
		<bndbox>
			<xmin>409</xmin>
			<ymin>257</ymin>
			<xmax>489</xmax>
			<ymax>387</ymax>
		</bndbox>
	</object>
</annotation>
