<annotation>
	<folder>Data_MainFolder</folder>
	<filename>2015_00075.jpg</filename>
	<path>/home/prathibha/Downloads/Data_MainFolder/2015_00075.jpg</path>
	<source>
		<database>Unknown</database>
	</source>
	<size>
		<width>640</width>
		<height>640</height>
		<depth>3</depth>
	</size>
	<segmented>0</segmented>
	<object>
		<name>Bicycle</name>
		<pose>Unspecified</pose>
		<truncated>1</truncated>
		<difficult>0</difficult>
		<bndbox>
			<xmin>62</xmin>
			<ymin>123</ymin>
			<xmax>640</xmax>
			<ymax>545</ymax>
		</bndbox>
	</object>
</annotation>
