<annotation>
	<folder>Data_MainFolder</folder>
	<filename>2015_00118.jpg</filename>
	<path>/home/prathibha/Downloads/Data_MainFolder/2015_00118.jpg</path>
	<source>
		<database>Unknown</database>
	</source>
	<size>
		<width>338</width>
		<height>507</height>
		<depth>3</depth>
	</size>
	<segmented>0</segmented>
	<object>
		<name>Bicycle</name>
		<pose>Unspecified</pose>
		<truncated>0</truncated>
		<difficult>0</difficult>
		<bndbox>
			<xmin>122</xmin>
			<ymin>262</ymin>
			<xmax>218</xmax>
			<ymax>489</ymax>
		</bndbox>
	</object>
	<object>
		<name>Bicycle</name>
		<pose>Unspecified</pose>
		<truncated>0</truncated>
		<difficult>0</difficult>
		<bndbox>
			<xmin>206</xmin>
			<ymin>278</ymin>
			<xmax>268</xmax>
			<ymax>467</ymax>
		</bndbox>
	</object>
	<object>
		<name>Bicycle</name>
		<pose>Unspecified</pose>
		<truncated>0</truncated>
		<difficult>0</difficult>
		<bndbox>
			<xmin>35</xmin>
			<ymin>221</ymin>
			<xmax>63</xmax>
			<ymax>313</ymax>
		</bndbox>
	</object>
</annotation>
