<annotation>
	<folder>Data_MainFolder</folder>
	<filename>2015_00132.jpg</filename>
	<path>/home/prathibha/Downloads/Data_MainFolder/2015_00132.jpg</path>
	<source>
		<database>Unknown</database>
	</source>
	<size>
		<width>640</width>
		<height>480</height>
		<depth>3</depth>
	</size>
	<segmented>0</segmented>
	<object>
		<name>Bicycle</name>
		<pose>Unspecified</pose>
		<truncated>0</truncated>
		<difficult>0</difficult>
		<bndbox>
			<xmin>333</xmin>
			<ymin>218</ymin>
			<xmax>436</xmax>
			<ymax>275</ymax>
		</bndbox>
	</object>
	<object>
		<name>Bicycle</name>
		<pose>Unspecified</pose>
		<truncated>0</truncated>
		<difficult>0</difficult>
		<bndbox>
			<xmin>187</xmin>
			<ymin>201</ymin>
			<xmax>281</xmax>
			<ymax>266</ymax>
		</bndbox>
	</object>
</annotation>
