<annotation>
	<folder>Data_MainFolder</folder>
	<filename>2015_00148.jpg</filename>
	<path>/home/prathibha/Downloads/Data_MainFolder/2015_00148.jpg</path>
	<source>
		<database>Unknown</database>
	</source>
	<size>
		<width>2592</width>
		<height>1936</height>
		<depth>3</depth>
	</size>
	<segmented>0</segmented>
	<object>
		<name>Bicycle</name>
		<pose>Unspecified</pose>
		<truncated>0</truncated>
		<difficult>0</difficult>
		<bndbox>
			<xmin>841</xmin>
			<ymin>383</ymin>
			<xmax>2257</xmax>
			<ymax>1867</ymax>
		</bndbox>
	</object>
</annotation>
