<annotation>
	<folder>Data_MainFolder</folder>
	<filename>2015_00064.jpg</filename>
	<path>/home/prathibha/Downloads/Data_MainFolder/2015_00064.jpg</path>
	<source>
		<database>Unknown</database>
	</source>
	<size>
		<width>360</width>
		<height>180</height>
		<depth>3</depth>
	</size>
	<segmented>0</segmented>
	<object>
		<name>Bicycle</name>
		<pose>Unspecified</pose>
		<truncated>0</truncated>
		<difficult>0</difficult>
		<bndbox>
			<xmin>25</xmin>
			<ymin>69</ymin>
			<xmax>137</xmax>
			<ymax>176</ymax>
		</bndbox>
	</object>
	<object>
		<name>Bicycle</name>
		<pose>Unspecified</pose>
		<truncated>0</truncated>
		<difficult>0</difficult>
		<bndbox>
			<xmin>130</xmin>
			<ymin>75</ymin>
			<xmax>196</xmax>
			<ymax>170</ymax>
		</bndbox>
	</object>
	<object>
		<name>Bicycle</name>
		<pose>Unspecified</pose>
		<truncated>0</truncated>
		<difficult>0</difficult>
		<bndbox>
			<xmin>261</xmin>
			<ymin>71</ymin>
			<xmax>320</xmax>
			<ymax>175</ymax>
		</bndbox>
	</object>
</annotation>
