<annotation>
	<folder>Data_MainFolder</folder>
	<filename>2015_00158.jpg</filename>
	<path>/home/prathibha/Downloads/Data_MainFolder/2015_00158.jpg</path>
	<source>
		<database>Unknown</database>
	</source>
	<size>
		<width>480</width>
		<height>640</height>
		<depth>3</depth>
	</size>
	<segmented>0</segmented>
	<object>
		<name>Bicycle</name>
		<pose>Unspecified</pose>
		<truncated>0</truncated>
		<difficult>0</difficult>
		<bndbox>
			<xmin>76</xmin>
			<ymin>372</ymin>
			<xmax>455</xmax>
			<ymax>613</ymax>
		</bndbox>
	</object>
</annotation>
