<annotation>
	<folder>Data_MainFolder</folder>
	<filename>2015_00081.jpg</filename>
	<path>/home/prathibha/Downloads/Data_MainFolder/2015_00081.jpg</path>
	<source>
		<database>Unknown</database>
	</source>
	<size>
		<width>507</width>
		<height>338</height>
		<depth>3</depth>
	</size>
	<segmented>0</segmented>
	<object>
		<name>Bicycle</name>
		<pose>Unspecified</pose>
		<truncated>0</truncated>
		<difficult>0</difficult>
		<bndbox>
			<xmin>361</xmin>
			<ymin>223</ymin>
			<xmax>449</xmax>
			<ymax>281</ymax>
		</bndbox>
	</object>
	<object>
		<name>Bicycle</name>
		<pose>Unspecified</pose>
		<truncated>1</truncated>
		<difficult>0</difficult>
		<bndbox>
			<xmin>441</xmin>
			<ymin>227</ymin>
			<xmax>507</xmax>
			<ymax>330</ymax>
		</bndbox>
	</object>
</annotation>
