<annotation>
	<folder>Data_MainFolder</folder>
	<filename>2015_00036.jpg</filename>
	<path>/home/prathibha/Downloads/Data_MainFolder/2015_00036.jpg</path>
	<source>
		<database>Unknown</database>
	</source>
	<size>
		<width>640</width>
		<height>424</height>
		<depth>3</depth>
	</size>
	<segmented>0</segmented>
	<object>
		<name>Bicycle</name>
		<pose>Unspecified</pose>
		<truncated>1</truncated>
		<difficult>0</difficult>
		<bndbox>
			<xmin>30</xmin>
			<ymin>294</ymin>
			<xmax>206</xmax>
			<ymax>424</ymax>
		</bndbox>
	</object>
	<object>
		<name>Bicycle</name>
		<pose>Unspecified</pose>
		<truncated>0</truncated>
		<difficult>0</difficult>
		<bndbox>
			<xmin>135</xmin>
			<ymin>303</ymin>
			<xmax>343</xmax>
			<ymax>418</ymax>
		</bndbox>
	</object>
	<object>
		<name>Bicycle</name>
		<pose>Unspecified</pose>
		<truncated>1</truncated>
		<difficult>0</difficult>
		<bndbox>
			<xmin>253</xmin>
			<ymin>342</ymin>
			<xmax>418</xmax>
			<ymax>424</ymax>
		</bndbox>
	</object>
</annotation>
