<annotation>
	<folder>Data_MainFolder</folder>
	<filename>2015_00028.jpg</filename>
	<path>/home/prathibha/Downloads/Data_MainFolder/2015_00028.jpg</path>
	<source>
		<database>Unknown</database>
	</source>
	<size>
		<width>640</width>
		<height>408</height>
		<depth>3</depth>
	</size>
	<segmented>0</segmented>
	<object>
		<name>Bicycle</name>
		<pose>Unspecified</pose>
		<truncated>0</truncated>
		<difficult>0</difficult>
		<bndbox>
			<xmin>73</xmin>
			<ymin>239</ymin>
			<xmax>194</xmax>
			<ymax>390</ymax>
		</bndbox>
	</object>
	<object>
		<name>Bicycle</name>
		<pose>Unspecified</pose>
		<truncated>0</truncated>
		<difficult>0</difficult>
		<bndbox>
			<xmin>177</xmin>
			<ymin>217</ymin>
			<xmax>261</xmax>
			<ymax>340</ymax>
		</bndbox>
	</object>
	<object>
		<name>Bicycle</name>
		<pose>Unspecified</pose>
		<truncated>0</truncated>
		<difficult>0</difficult>
		<bndbox>
			<xmin>229</xmin>
			<ymin>194</ymin>
			<xmax>306</xmax>
			<ymax>317</ymax>
		</bndbox>
	</object>
</annotation>
