<annotation>
	<folder>Data_MainFolder</folder>
	<filename>2015_00094.jpg</filename>
	<path>/home/prathibha/Downloads/Data_MainFolder/2015_00094.jpg</path>
	<source>
		<database>Unknown</database>
	</source>
	<size>
		<width>480</width>
		<height>640</height>
		<depth>3</depth>
	</size>
	<segmented>0</segmented>
	<object>
		<name>Bicycle</name>
		<pose>Unspecified</pose>
		<truncated>1</truncated>
		<difficult>0</difficult>
		<bndbox>
			<xmin>137</xmin>
			<ymin>420</ymin>
			<xmax>456</xmax>
			<ymax>640</ymax>
		</bndbox>
	</object>
</annotation>
