<annotation>
	<folder>Data_MainFolder</folder>
	<filename>2015_00088.jpg</filename>
	<path>/home/prathibha/Downloads/Data_MainFolder/2015_00088.jpg</path>
	<source>
		<database>Unknown</database>
	</source>
	<size>
		<width>1024</width>
		<height>768</height>
		<depth>3</depth>
	</size>
	<segmented>0</segmented>
	<object>
		<name>Bicycle</name>
		<pose>Unspecified</pose>
		<truncated>0</truncated>
		<difficult>0</difficult>
		<bndbox>
			<xmin>247</xmin>
			<ymin>421</ymin>
			<xmax>367</xmax>
			<ymax>657</ymax>
		</bndbox>
	</object>
	<object>
		<name>Bicycle</name>
		<pose>Unspecified</pose>
		<truncated>1</truncated>
		<difficult>0</difficult>
		<bndbox>
			<xmin>38</xmin>
			<ymin>493</ymin>
			<xmax>210</xmax>
			<ymax>768</ymax>
		</bndbox>
	</object>
	<object>
		<name>Bicycle</name>
		<pose>Unspecified</pose>
		<truncated>0</truncated>
		<difficult>0</difficult>
		<bndbox>
			<xmin>554</xmin>
			<ymin>382</ymin>
			<xmax>660</xmax>
			<ymax>583</ymax>
		</bndbox>
	</object>
	<object>
		<name>Bicycle</name>
		<pose>Unspecified</pose>
		<truncated>0</truncated>
		<difficult>0</difficult>
		<bndbox>
			<xmin>368</xmin>
			<ymin>388</ymin>
			<xmax>451</xmax>
			<ymax>599</ymax>
		</bndbox>
	</object>
</annotation>
