<annotation>
	<folder>Data_MainFolder</folder>
	<filename>2015_00027.jpg</filename>
	<path>/home/prathibha/Downloads/Data_MainFolder/2015_00027.jpg</path>
	<source>
		<database>Unknown</database>
	</source>
	<size>
		<width>640</width>
		<height>480</height>
		<depth>3</depth>
	</size>
	<segmented>0</segmented>
	<object>
		<name>Bicycle</name>
		<pose>Unspecified</pose>
		<truncated>0</truncated>
		<difficult>0</difficult>
		<bndbox>
			<xmin>16</xmin>
			<ymin>291</ymin>
			<xmax>146</xmax>
			<ymax>404</ymax>
		</bndbox>
	</object>
	<object>
		<name>Bicycle</name>
		<pose>Unspecified</pose>
		<truncated>0</truncated>
		<difficult>0</difficult>
		<bndbox>
			<xmin>303</xmin>
			<ymin>261</ymin>
			<xmax>469</xmax>
			<ymax>404</ymax>
		</bndbox>
	</object>
	<object>
		<name>Bicycle</name>
		<pose>Unspecified</pose>
		<truncated>1</truncated>
		<difficult>0</difficult>
		<bndbox>
			<xmin>436</xmin>
			<ymin>288</ymin>
			<xmax>640</xmax>
			<ymax>479</ymax>
		</bndbox>
	</object>
	<object>
		<name>Bicycle</name>
		<pose>Unspecified</pose>
		<truncated>0</truncated>
		<difficult>0</difficult>
		<bndbox>
			<xmin>90</xmin>
			<ymin>262</ymin>
			<xmax>210</xmax>
			<ymax>360</ymax>
		</bndbox>
	</object>
</annotation>
