<annotation>
	<folder>Data_MainFolder</folder>
	<filename>2015_00072.jpg</filename>
	<path>/home/prathibha/Downloads/Data_MainFolder/2015_00072.jpg</path>
	<source>
		<database>Unknown</database>
	</source>
	<size>
		<width>490</width>
		<height>350</height>
		<depth>1</depth>
	</size>
	<segmented>0</segmented>
	<object>
		<name>Bicycle</name>
		<pose>Unspecified</pose>
		<truncated>0</truncated>
		<difficult>0</difficult>
		<bndbox>
			<xmin>262</xmin>
			<ymin>117</ymin>
			<xmax>344</xmax>
			<ymax>293</ymax>
		</bndbox>
	</object>
</annotation>
