<annotation>
	<folder>Data_MainFolder</folder>
	<filename>2015_00013.jpg</filename>
	<path>/home/prathibha/Downloads/Data_MainFolder/2015_00013.jpg</path>
	<source>
		<database>Unknown</database>
	</source>
	<size>
		<width>1024</width>
		<height>768</height>
		<depth>3</depth>
	</size>
	<segmented>0</segmented>
	<object>
		<name>Bicycle</name>
		<pose>Unspecified</pose>
		<truncated>0</truncated>
		<difficult>0</difficult>
		<bndbox>
			<xmin>189</xmin>
			<ymin>462</ymin>
			<xmax>420</xmax>
			<ymax>697</ymax>
		</bndbox>
	</object>
	<object>
		<name>Bicycle</name>
		<pose>Unspecified</pose>
		<truncated>0</truncated>
		<difficult>0</difficult>
		<bndbox>
			<xmin>612</xmin>
			<ymin>405</ymin>
			<xmax>765</xmax>
			<ymax>628</ymax>
		</bndbox>
	</object>
</annotation>
