<annotation>
	<folder>Data_MainFolder</folder>
	<filename>2015_00096.jpg</filename>
	<path>/home/prathibha/Downloads/Data_MainFolder/2015_00096.jpg</path>
	<source>
		<database>Unknown</database>
	</source>
	<size>
		<width>640</width>
		<height>456</height>
		<depth>3</depth>
	</size>
	<segmented>0</segmented>
	<object>
		<name>Bicycle</name>
		<pose>Unspecified</pose>
		<truncated>0</truncated>
		<difficult>0</difficult>
		<bndbox>
			<xmin>161</xmin>
			<ymin>103</ymin>
			<xmax>461</xmax>
			<ymax>387</ymax>
		</bndbox>
	</object>
	<object>
		<name>Bicycle</name>
		<pose>Unspecified</pose>
		<truncated>0</truncated>
		<difficult>0</difficult>
		<bndbox>
			<xmin>283</xmin>
			<ymin>196</ymin>
			<xmax>529</xmax>
			<ymax>376</ymax>
		</bndbox>
	</object>
</annotation>
