<annotation>
	<folder>Data_MainFolder</folder>
	<filename>2015_00067.jpg</filename>
	<path>/home/prathibha/Downloads/Data_MainFolder/2015_00067.jpg</path>
	<source>
		<database>Unknown</database>
	</source>
	<size>
		<width>500</width>
		<height>474</height>
		<depth>3</depth>
	</size>
	<segmented>0</segmented>
	<object>
		<name>Bicycle</name>
		<pose>Unspecified</pose>
		<truncated>0</truncated>
		<difficult>0</difficult>
		<bndbox>
			<xmin>160</xmin>
			<ymin>268</ymin>
			<xmax>452</xmax>
			<ymax>463</ymax>
		</bndbox>
	</object>
	<object>
		<name>Bicycle</name>
		<pose>Unspecified</pose>
		<truncated>0</truncated>
		<difficult>0</difficult>
		<bndbox>
			<xmin>284</xmin>
			<ymin>265</ymin>
			<xmax>472</xmax>
			<ymax>449</ymax>
		</bndbox>
	</object>
</annotation>
